accountId,requestCode,routingCode,externalId,note,amount
99332223423443,3,3,3,note3,1000
99332223423444,4,4,4,note4,1000
99332223423445,5,5,5,note5,1000
99332223423446,6,6,6,note6,1000
99332223423447,7,7,7,note7,1000
99332223423448,8,8,8,note8,1000
99332223423449,9,9,9,note9,1000
99332223423450,10,10,10,note10,1000
99332223423451,11,11,11,note11,1000
99332223423452,12,12,12,note12,1000
99332223423453,13,13,13,note13,1000
99332223423454,14,14,14,note14,1000
99332223423455,15,15,15,note15,1000
99332223423456,16,16,16,note16,1000